job_id,hacky_job_id,workload_name,submission_time,requested_number_of_processors,requested_time,success,starting_time,execution_time,finish_time,waiting_time,turnaround_time,stretch,consumed_energy,allocated_processors
0,0,0e8208,0.000000,10,1234.000000,0,0.003000,1234.000000,1234.003000,0.003000,1234.003000,1.000002,-1.000000,0-9
1,10,0e8208,681.000000,4,1808.000000,0,681.001200,1808.000000,2489.001200,0.001200,1808.001200,1.000001,-1.000000,10-13
2,20,0e8208,3095.000000,16,21224.000000,0,3095.001200,21224.000000,24319.001200,0.001200,21224.001200,1.000000,-1.000000,0-15
3,30,0e8208,3260.000000,1,46796.000000,0,3260.001200,46796.000000,50056.001200,0.001200,46796.001200,1.000000,-1.000000,16
4,40,0e8208,3467.000000,16,55663.000000,0,3467.001200,55663.000000,59130.001200,0.001200,55663.001200,1.000000,-1.000000,17-32
5,50,0e8208,8360.000000,4,3646.000000,0,8360.001200,3646.000000,12006.001200,0.001200,3646.001200,1.000000,-1.000000,33-36
6,60,0e8208,11419.000000,16,12808.000000,0,11419.001200,12808.000000,24227.001200,0.001200,12808.001200,1.000000,-1.000000,37-52
7,70,0e8208,13997.000000,32,34591.000000,0,13997.001200,34591.000000,48588.001200,0.001200,34591.001200,1.000000,-1.000000,33-36 53-80
8,80,0e8208,19903.000000,1,46522.000000,0,19903.001200,46522.000000,66425.001200,0.001200,46522.001200,1.000000,-1.000000,81
9,90,0e8208,20872.000000,16,15005.000000,0,20872.001200,15005.000000,35877.001200,0.001200,15005.001200,1.000000,-1.000000,82-97
10,100,0e8208,22183.000000,9,58399.000000,0,22183.001200,58399.000000,80582.001200,0.001200,58399.001200,1.000000,-1.000000,98-106
11,110,0e8208,24213.000000,16,10109.000000,0,24213.001200,10109.000000,34322.001200,0.001200,10109.001200,1.000000,-1.000000,107-122
12,120,0e8208,26726.000000,2,32.000000,0,26726.001200,32.000000,26758.001200,0.001200,32.001200,1.000037,-1.000000,0-1
13,130,0e8208,27021.000000,32,47717.000000,0,27021.001200,47717.000000,74738.001200,0.001200,47717.001200,1.000000,-1.000000,0-15 37-52
14,140,0e8208,28017.000000,4,40.000000,0,28017.001200,40.000000,28057.001200,0.001200,40.001200,1.000030,-1.000000,123-126
15,150,0e8208,31745.000000,2,33.000000,0,31745.001200,33.000000,31778.001200,0.001200,33.001200,1.000036,-1.000000,123-124
16,160,0e8208,33303.000000,32,48.000000,0,34322.003400,48.000000,34370.003400,1019.003400,1067.003400,22.229238,-1.000000,107-138
17,170,0e8208,54813.000000,40,16254.000000,0,54813.001200,16254.000000,71067.001200,0.001200,16254.001200,1.000000,-1.000000,16 33-36 53-80 82-88
18,180,0e8208,102732.000000,4,33.000000,0,102732.001200,33.000000,102765.001200,0.001200,33.001200,1.000036,-1.000000,0-3
19,190,0e8208,102839.000000,4,32.000000,0,102839.001200,32.000000,102871.001200,0.001200,32.001200,1.000037,-1.000000,0-3
20,200,0e8208,103196.000000,4,32.000000,0,103196.001200,32.000000,103228.001200,0.001200,32.001200,1.000037,-1.000000,0-3
21,210,0e8208,103306.000000,4,106.000000,0,103306.001200,106.000000,103412.001200,0.001200,106.001200,1.000011,-1.000000,0-3
22,220,0e8208,103791.000000,4,84.000000,0,103791.001200,84.000000,103875.001200,0.001200,84.001200,1.000014,-1.000000,0-3
23,230,0e8208,103903.000000,4,120.000000,0,103903.001200,120.000000,104023.001200,0.001200,120.001200,1.000010,-1.000000,0-3
24,240,0e8208,104503.000000,8,6654.000000,0,104503.001200,6654.000000,111157.001200,0.001200,6654.001200,1.000000,-1.000000,0-7
25,250,0e8208,104570.000000,4,123.000000,0,104570.001200,123.000000,104693.001200,0.001200,123.001200,1.000010,-1.000000,8-11
26,260,0e8208,104766.000000,4,3112.000000,0,104766.001200,3112.000000,107878.001200,0.001200,3112.001200,1.000000,-1.000000,8-11
27,270,0e8208,107474.000000,16,15084.000000,0,107474.001200,15084.000000,122558.001200,0.001200,15084.001200,1.000000,-1.000000,12-27
28,280,0e8208,108466.000000,4,3083.000000,0,108466.001200,3083.000000,111549.001200,0.001200,3083.001200,1.000000,-1.000000,8-11
29,290,0e8208,111742.000000,28,10433.000000,0,111742.001200,10433.000000,122175.001200,0.001200,10433.001200,1.000000,-1.000000,0-11 28-43
30,300,0e8208,111745.000000,28,12454.000000,0,111745.001200,12454.000000,124199.001200,0.001200,12454.001200,1.000000,-1.000000,44-71
31,310,0e8208,111750.000000,28,11137.000000,0,111750.001200,11137.000000,122887.001200,0.001200,11137.001200,1.000000,-1.000000,72-99
32,320,0e8208,111753.000000,28,11894.000000,0,111753.001200,11894.000000,123647.001200,0.001200,11894.001200,1.000000,-1.000000,100-127
33,330,0e8208,113219.000000,32,134.000000,0,122175.003400,134.000000,123309.003400,8956.003400,9090.003400,67.835846,-1.000000,0-11 28-43
34,340,0e8208,115649.000000,4,32.000000,0,115649.001200,32.000000,115681.001200,0.001200,32.001200,1.000037,-1.000000,128-131
35,350,0e8208,115751.000000,4,8430.000000,0,122175.004000,8430.000000,130605.004000,6424.004000,14854.004000,1.762041,-1.000000,132-135
36,360,0e8208,128692.000000,4,36.000000,0,128692.001200,36.000000,128728.001200,0.001200,36.001200,1.000033,-1.000000,0-3
37,370,0e8208,132828.000000,83,7894.000000,0,132828.001200,7894.000000,140722.001200,0.001200,7894.001200,1.000000,-1.000000,0-82
38,380,0e8208,150552.000000,16,15146.000000,0,150552.001200,15146.000000,165698.001200,0.001200,15146.001200,1.000000,-1.000000,0-15
39,390,0e8208,151548.000000,4,35.000000,0,151548.001200,35.000000,151583.001200,0.001200,35.001200,1.000034,-1.000000,16-19
40,400,0e8208,151790.000000,4,32.000000,0,151790.001200,32.000000,151822.001200,0.001200,32.001200,1.000037,-1.000000,16-19
41,410,0e8208,152082.000000,4,33.000000,0,152082.001200,33.000000,152115.001200,0.001200,33.001200,1.000036,-1.000000,16-19
42,420,0e8208,153948.000000,4,32.000000,0,153948.001200,32.000000,153980.001200,0.001200,32.001200,1.000037,-1.000000,16-19
43,430,0e8208,154077.000000,4,32.000000,0,154077.001200,32.000000,154109.001200,0.001200,32.001200,1.000037,-1.000000,16-19
44,440,0e8208,154224.000000,4,33.000000,0,154224.001200,33.000000,154257.001200,0.001200,33.001200,1.000036,-1.000000,16-19
45,450,0e8208,154733.000000,4,34.000000,0,154733.001200,34.000000,154767.001200,0.001200,34.001200,1.000035,-1.000000,16-19
46,460,0e8208,154934.000000,4,32.000000,0,154934.001200,32.000000,154966.001200,0.001200,32.001200,1.000037,-1.000000,16-19
47,470,0e8208,155280.000000,4,34.000000,0,155280.001200,34.000000,155314.001200,0.001200,34.001200,1.000035,-1.000000,16-19
48,480,0e8208,155678.000000,4,33.000000,0,155678.001200,33.000000,155711.001200,0.001200,33.001200,1.000036,-1.000000,16-19
49,490,0e8208,156112.000000,4,32.000000,0,156112.001200,32.000000,156144.001200,0.001200,32.001200,1.000037,-1.000000,16-19
50,500,0e8208,165723.000000,16,15034.000000,0,165723.001200,15034.000000,180757.001200,0.001200,15034.001200,1.000000,-1.000000,0-15
51,510,0e8208,172147.000000,16,10257.000000,0,172147.001200,10257.000000,182404.001200,0.001200,10257.001200,1.000000,-1.000000,16-31
52,520,0e8208,180928.000000,1,25.000000,0,180928.001200,25.000000,180953.001200,0.001200,25.001200,1.000048,-1.000000,0
53,530,0e8208,181033.000000,32,60486.000000,0,181033.001200,60486.000000,241519.001200,0.001200,60486.001200,1.000000,-1.000000,0-15 32-47
54,540,0e8208,181042.000000,1,58692.000000,0,181042.001200,58692.000000,239734.001200,0.001200,58692.001200,1.000000,-1.000000,48
55,550,0e8208,181110.000000,1,22789.000000,0,181110.001200,22789.000000,203899.001200,0.001200,22789.001200,1.000000,-1.000000,49
56,560,0e8208,182173.000000,4,39.000000,0,182173.001200,39.000000,182212.001200,0.001200,39.001200,1.000031,-1.000000,50-53
57,570,0e8208,182832.000000,4,39.000000,0,182832.001200,39.000000,182871.001200,0.001200,39.001200,1.000031,-1.000000,16-19
58,580,0e8208,183004.000000,4,1365.000000,0,183004.001200,1365.000000,184369.001200,0.001200,1365.001200,1.000001,-1.000000,16-19
59,590,0e8208,183091.000000,4,9274.000000,0,183091.001200,9274.000000,192365.001200,0.001200,9274.001200,1.000000,-1.000000,20-23
60,600,0e8208,183199.000000,4,40.000000,0,183199.001200,40.000000,183239.001200,0.001200,40.001200,1.000030,-1.000000,24-27
61,610,0e8208,183822.000000,4,39.000000,0,183822.001200,39.000000,183861.001200,0.001200,39.001200,1.000031,-1.000000,24-27
62,620,0e8208,184484.000000,4,38.000000,0,184484.001200,38.000000,184522.001200,0.001200,38.001200,1.000032,-1.000000,16-19
63,630,0e8208,184987.000000,4,39.000000,0,184987.001200,39.000000,185026.001200,0.001200,39.001200,1.000031,-1.000000,16-19
64,640,0e8208,185335.000000,4,39.000000,0,185335.001200,39.000000,185374.001200,0.001200,39.001200,1.000031,-1.000000,16-19
65,650,0e8208,185781.000000,4,39.000000,0,185781.001200,39.000000,185820.001200,0.001200,39.001200,1.000031,-1.000000,16-19
66,660,0e8208,185869.000000,2,34.000000,0,185869.001200,34.000000,185903.001200,0.001200,34.001200,1.000035,-1.000000,16-17
67,670,0e8208,188537.000000,2,656.000000,0,188537.001200,656.000000,189193.001200,0.001200,656.001200,1.000002,-1.000000,16-17
68,680,0e8208,188894.000000,4,412.000000,0,188894.001200,412.000000,189306.001200,0.001200,412.001200,1.000003,-1.000000,18-19 24-25
69,690,0e8208,189222.000000,1,58628.000000,0,189222.001200,58628.000000,247850.001200,0.001200,58628.001200,1.000000,-1.000000,16
70,700,0e8208,189735.000000,8,313.000000,0,189735.001200,313.000000,190048.001200,0.001200,313.001200,1.000004,-1.000000,17-19 24-28
71,710,0e8208,189792.000000,16,277.000000,0,189792.001200,277.000000,190069.001200,0.001200,277.001200,1.000004,-1.000000,29-31 50-62
72,720,0e8208,190516.000000,32,309.000000,0,190516.001200,309.000000,190825.001200,0.001200,309.001200,1.000004,-1.000000,17-19 24-31 50-70
73,730,0e8208,190733.000000,32,978.000000,0,190733.001200,978.000000,191711.001200,0.001200,978.001200,1.000001,-1.000000,71-102
74,740,0e8208,192566.000000,1,46156.000000,0,192566.001200,46156.000000,238722.001200,0.001200,46156.001200,1.000000,-1.000000,17
75,750,0e8208,193285.000000,1,286.000000,0,193285.001200,286.000000,193571.001200,0.001200,286.001200,1.000004,-1.000000,18
76,760,0e8208,193286.000000,1,47383.000000,0,193286.001200,47383.000000,240669.001200,0.001200,47383.001200,1.000000,-1.000000,19
77,770,0e8208,194255.000000,1,276.000000,0,194255.001200,276.000000,194531.001200,0.001200,276.001200,1.000004,-1.000000,18
78,780,0e8208,194773.000000,1,59231.000000,0,194773.001200,59231.000000,254004.001200,0.001200,59231.001200,1.000000,-1.000000,18
79,790,0e8208,194942.000000,83,2500.000000,0,194942.001200,2500.000000,197442.001200,0.001200,2500.001200,1.000000,-1.000000,20-31 50-120
80,800,0e8208,196461.000000,8,39.000000,0,196461.001200,39.000000,196500.001200,0.001200,39.001200,1.000031,-1.000000,121-128
81,810,0e8208,196799.000000,8,56057.000000,0,196799.001200,56057.000000,252856.001200,0.001200,56057.001200,1.000000,-1.000000,121-128
82,820,0e8208,197841.000000,4,33.000000,0,197841.001200,33.000000,197874.001200,0.001200,33.001200,1.000036,-1.000000,20-23
83,830,0e8208,198888.000000,8,86.000000,0,198888.001200,86.000000,198974.001200,0.001200,86.001200,1.000014,-1.000000,20-27
84,840,0e8208,198908.000000,16,73.000000,0,198908.001200,73.000000,198981.001200,0.001200,73.001200,1.000016,-1.000000,28-31 50-61
85,850,0e8208,198928.000000,32,82.000000,0,198928.001200,82.000000,199010.001200,0.001200,82.001200,1.000015,-1.000000,62-93
86,860,0e8208,198979.000000,8,88.000000,0,198979.001200,88.000000,199067.001200,0.001200,88.001200,1.000014,-1.000000,20-27
87,870,0e8208,199012.000000,16,74.000000,0,199012.001200,74.000000,199086.001200,0.001200,74.001200,1.000016,-1.000000,28-31 50-61
88,880,0e8208,199029.000000,32,82.000000,0,199029.001200,82.000000,199111.001200,0.001200,82.001200,1.000015,-1.000000,62-93
89,890,0e8208,205031.000000,10,8438.000000,0,205031.001200,8438.000000,213469.001200,0.001200,8438.001200,1.000000,-1.000000,20-29
90,900,0e8208,205488.000000,2,9326.000000,0,205488.001200,9326.000000,214814.001200,0.001200,9326.001200,1.000000,-1.000000,30-31
91,910,0e8208,213953.000000,1,30757.000000,0,213953.001200,30757.000000,244710.001200,0.001200,30757.001200,1.000000,-1.000000,20
92,920,0e8208,215804.000000,4,41.000000,0,215804.001200,41.000000,215845.001200,0.001200,41.001200,1.000029,-1.000000,21-24
93,930,0e8208,216623.000000,1,26836.000000,0,216623.001200,26836.000000,243459.001200,0.001200,26836.001200,1.000000,-1.000000,21
94,940,0e8208,217118.000000,4,38.000000,0,217118.001200,38.000000,217156.001200,0.001200,38.001200,1.000032,-1.000000,22-25
95,950,0e8208,217401.000000,4,38.000000,0,217401.001200,38.000000,217439.001200,0.001200,38.001200,1.000032,-1.000000,22-25
96,960,0e8208,217722.000000,4,3625.000000,0,217722.001200,3625.000000,221347.001200,0.001200,3625.001200,1.000000,-1.000000,22-25
97,970,0e8208,217998.000000,24,13670.000000,0,217998.001200,13670.000000,231668.001200,0.001200,13670.001200,1.000000,-1.000000,26-31 49-66
98,980,0e8208,218464.000000,1,27658.000000,0,218464.001200,27658.000000,246122.001200,0.001200,27658.001200,1.000000,-1.000000,67
99,990,0e8208,220166.000000,16,15067.000000,0,220166.001200,15067.000000,235233.001200,0.001200,15067.001200,1.000000,-1.000000,68-83
100,1000,0e8208,232905.000000,4,36.000000,0,232905.001200,36.000000,232941.001200,0.001200,36.001200,1.000033,-1.000000,22-25
101,1010,0e8208,233159.000000,16,10082.000000,0,233159.001200,10082.000000,243241.001200,0.001200,10082.001200,1.000000,-1.000000,22-31 49-54
102,1020,0e8208,236907.000000,32,47720.000000,0,236907.001200,47720.000000,284627.001200,0.001200,47720.001200,1.000000,-1.000000,55-66 68-87
103,1030,0e8208,237970.000000,16,15065.000000,0,237970.001200,15065.000000,253035.001200,0.001200,15065.001200,1.000000,-1.000000,88-103
104,1040,0e8208,252852.000000,1,59156.000000,0,252852.001200,59156.000000,312008.001200,0.001200,59156.001200,1.000000,-1.000000,0
105,1050,0e8208,253121.000000,1,58619.000000,0,253121.001200,58619.000000,311740.001200,0.001200,58619.001200,1.000000,-1.000000,1
106,1060,0e8208,253484.000000,1,287.000000,0,253484.001200,287.000000,253771.001200,0.001200,287.001200,1.000004,-1.000000,2
107,1070,0e8208,253872.000000,1,56945.000000,0,253872.001200,56945.000000,310817.001200,0.001200,56945.001200,1.000000,-1.000000,2
108,1080,0e8208,254517.000000,1,287.000000,0,254517.001200,287.000000,254804.001200,0.001200,287.001200,1.000004,-1.000000,3
109,1090,0e8208,255233.000000,1,275.000000,0,255233.001200,275.000000,255508.001200,0.001200,275.001200,1.000004,-1.000000,3
110,1100,0e8208,256023.000000,1,59108.000000,0,256023.001200,59108.000000,315131.001200,0.001200,59108.001200,1.000000,-1.000000,3
111,1110,0e8208,256116.000000,2,52.000000,0,256116.001200,52.000000,256168.001200,0.001200,52.001200,1.000023,-1.000000,4-5
112,1120,0e8208,260946.000000,8,55635.000000,0,260946.001200,55635.000000,316581.001200,0.001200,55635.001200,1.000000,-1.000000,4-11
113,1130,0e8208,261406.000000,4,1831.000000,0,261406.001200,1831.000000,263237.001200,0.001200,1831.001200,1.000001,-1.000000,12-15
114,1140,0e8208,261417.000000,12,9718.000000,0,261417.001200,9718.000000,271135.001200,0.001200,9718.001200,1.000000,-1.000000,16-27
115,1150,0e8208,261547.000000,4,39.000000,0,261547.001200,39.000000,261586.001200,0.001200,39.001200,1.000031,-1.000000,28-31
116,1160,0e8208,261791.000000,2,188.000000,0,261791.001200,188.000000,261979.001200,0.001200,188.001200,1.000006,-1.000000,28-29
117,1170,0e8208,261800.000000,2,201.000000,0,261800.001200,201.000000,262001.001200,0.001200,201.001200,1.000006,-1.000000,30-31
118,1180,0e8208,261835.000000,1,326.000000,0,261835.001200,326.000000,262161.001200,0.001200,326.001200,1.000004,-1.000000,32
119,1190,0e8208,261838.000000,1,31.000000,0,261838.001200,31.000000,261869.001200,0.001200,31.001200,1.000039,-1.000000,33
120,1200,0e8208,262091.000000,16,41.000000,0,262091.001200,41.000000,262132.001200,0.001200,41.001200,1.000029,-1.000000,28-31 33-44
121,1210,0e8208,262744.000000,4,44.000000,0,262744.001200,44.000000,262788.001200,0.001200,44.001200,1.000027,-1.000000,28-31
122,1220,0e8208,263861.000000,1,48397.000000,0,263861.001200,48397.000000,312258.001200,0.001200,48397.001200,1.000000,-1.000000,12
123,1230,0e8208,264215.000000,1,47245.000000,0,264215.001200,47245.000000,311460.001200,0.001200,47245.001200,1.000000,-1.000000,13
124,1240,0e8208,268947.000000,2,27687.000000,0,268947.001200,27687.000000,296634.001200,0.001200,27687.001200,1.000000,-1.000000,14-15
125,1250,0e8208,271457.000000,32,49033.000000,0,271457.001200,49033.000000,320490.001200,0.001200,49033.001200,1.000000,-1.000000,16-47
126,1260,0e8208,271882.000000,1,31.000000,0,271882.001200,31.000000,271913.001200,0.001200,31.001200,1.000039,-1.000000,48
127,1270,0e8208,272897.000000,83,9699.000000,0,284627.003400,9699.000000,294326.003400,11730.003400,21429.003400,2.209403,-1.000000,48-130
128,1280,0e8208,275081.000000,4,48.000000,0,275081.001200,48.000000,275129.001200,0.001200,48.001200,1.000025,-1.000000,48-51
129,1290,0e8208,277086.000000,1,353.000000,0,277086.001200,353.000000,277439.001200,0.001200,353.001200,1.000003,-1.000000,48
130,1300,0e8208,280634.000000,3,29902.000000,0,284627.004000,29902.000000,314529.004000,3993.004000,33895.004000,1.133536,-1.000000,131-133
131,1310,0e8208,282866.000000,1,1054.000000,0,282866.001200,1054.000000,283920.001200,0.001200,1054.001200,1.000001,-1.000000,48
132,1320,0e8208,288218.000000,32,47659.000000,0,294326.005600,47659.000000,341985.005600,6108.005600,53767.005600,1.128161,-1.000000,48-79
133,1330,0e8208,288912.000000,16,37.000000,0,288912.001200,37.000000,288949.001200,0.001200,37.001200,1.000032,-1.000000,134-149
134,1340,0e8208,298881.000000,16,10123.000000,0,298881.001200,10123.000000,309004.001200,0.001200,10123.001200,1.000000,-1.000000,14-15 80-93
135,1350,0e8208,299635.000000,1,69.000000,0,299635.001200,69.000000,299704.001200,0.001200,69.001200,1.000017,-1.000000,94
136,1360,0e8208,300985.000000,32,60517.000000,0,300985.001200,60517.000000,361502.001200,0.001200,60517.001200,1.000000,-1.000000,94-125
137,1370,0e8208,305587.000000,1,28.000000,0,305587.001200,28.000000,305615.001200,0.001200,28.001200,1.000043,-1.000000,126
138,1380,0e8208,308248.000000,1,28.000000,0,308248.001200,28.000000,308276.001200,0.001200,28.001200,1.000043,-1.000000,126
139,1390,0e8208,308317.000000,1,28.000000,0,308317.001200,28.000000,308345.001200,0.001200,28.001200,1.000043,-1.000000,126
140,1400,0e8208,309005.000000,16,13308.000000,0,309005.001200,13308.000000,322313.001200,0.001200,13308.001200,1.000000,-1.000000,14-15 80-93
141,1410,0e8208,310264.000000,32,128.000000,0,316581.003400,128.000000,316709.003400,6317.003400,6445.003400,50.351589,-1.000000,0-13 126-143
142,1420,0e8208,311322.000000,16,15092.000000,0,316709.005600,15092.000000,331801.005600,5387.005600,20479.005600,1.356944,-1.000000,0-13 126-127
143,1430,0e8208,314991.000000,4,32.000000,0,314991.001200,32.000000,315023.001200,0.001200,32.001200,1.000038,-1.000000,0-2 12
144,1440,0e8208,315006.000000,4,31.000000,0,315006.001200,31.000000,315037.001200,0.001200,31.001200,1.000039,-1.000000,13 126-128
145,1450,0e8208,315230.000000,4,30.000000,0,315230.001200,30.000000,315260.001200,0.001200,30.001200,1.000040,-1.000000,0-3
146,1460,0e8208,322293.000000,16,12746.000000,0,322293.001200,12746.000000,335039.001200,0.001200,12746.001200,1.000000,-1.000000,16-31
147,1470,0e8208,331608.000000,16,15016.000000,0,331608.001200,15016.000000,346624.001200,0.001200,15016.001200,1.000000,-1.000000,14-15 32-45
148,1480,0e8208,341156.000000,4,32.000000,0,341156.001200,32.000000,341188.001200,0.001200,32.001200,1.000038,-1.000000,0-3
149,1490,0e8208,341167.000000,4,32.000000,0,341167.001200,32.000000,341199.001200,0.001200,32.001200,1.000038,-1.000000,4-7
150,1500,0e8208,343407.000000,1,49801.000000,0,343407.001200,49801.000000,393208.001200,0.001200,49801.001200,1.000000,-1.000000,0
151,1510,0e8208,343416.000000,1,47621.000000,0,343416.001200,47621.000000,391037.001200,0.001200,47621.001200,1.000000,-1.000000,1
152,1520,0e8208,345805.000000,64,355.000000,0,345805.001200,355.000000,346160.001200,0.001200,355.001200,1.000003,-1.000000,2-13 16-31 46-81
153,1530,0e8208,345969.000000,4,107.000000,0,345969.001200,107.000000,346076.001200,0.001200,107.001200,1.000011,-1.000000,82-85
154,1540,0e8208,346523.000000,4,328.000000,0,346523.001200,328.000000,346851.001200,0.001200,328.001200,1.000004,-1.000000,2-5
155,1550,0e8208,346994.000000,4,31.000000,0,346994.001200,31.000000,347025.001200,0.001200,31.001200,1.000039,-1.000000,2-5
156,1560,0e8208,347001.000000,4,30.000000,0,347001.001200,30.000000,347031.001200,0.001200,30.001200,1.000040,-1.000000,6-9
157,1570,0e8208,348267.000000,4,3032.000000,0,348267.001200,3032.000000,351299.001200,0.001200,3032.001200,1.000000,-1.000000,2-5
158,1580,0e8208,348712.000000,16,37.000000,0,348712.001200,37.000000,348749.001200,0.001200,37.001200,1.000032,-1.000000,6-21
159,1590,0e8208,348766.000000,8,359.000000,0,348766.001200,359.000000,349125.001200,0.001200,359.001200,1.000003,-1.000000,6-13
160,1600,0e8208,349692.000000,16,2181.000000,0,349692.001200,2181.000000,351873.001200,0.001200,2181.001200,1.000001,-1.000000,6-21
161,1610,0e8208,351581.000000,1,58949.000000,0,351581.001200,58949.000000,410530.001200,0.001200,58949.001200,1.000000,-1.000000,2
162,1620,0e8208,351720.000000,1,59023.000000,0,351720.001200,59023.000000,410743.001200,0.001200,59023.001200,1.000000,-1.000000,3
163,1630,0e8208,351856.000000,1,16427.000000,0,351856.001200,16427.000000,368283.001200,0.001200,16427.001200,1.000000,-1.000000,4
164,1640,0e8208,351931.000000,1,58624.000000,0,351931.001200,58624.000000,410555.001200,0.001200,58624.001200,1.000000,-1.000000,5
165,1650,0e8208,352333.000000,16,10069.000000,0,352333.001200,10069.000000,362402.001200,0.001200,10069.001200,1.000000,-1.000000,6-21
166,1660,0e8208,353112.000000,40,3059.000000,0,353112.001200,3059.000000,356171.001200,0.001200,3059.001200,1.000000,-1.000000,22-61
167,1670,0e8208,354359.000000,4,108.000000,0,354359.001200,108.000000,354467.001200,0.001200,108.001200,1.000011,-1.000000,62-65
168,1680,0e8208,354849.000000,8,90.000000,0,354849.001200,90.000000,354939.001200,0.001200,90.001200,1.000013,-1.000000,62-69
169,1690,0e8208,355079.000000,1,20799.000000,0,355079.001200,20799.000000,375878.001200,0.001200,20799.001200,1.000000,-1.000000,62
170,1700,0e8208,360759.000000,1,50.000000,0,360759.001200,50.000000,360809.001200,0.001200,50.001200,1.000024,-1.000000,22
171,1710,0e8208,361258.000000,8,1465.000000,0,361258.001200,1465.000000,362723.001200,0.001200,1465.001200,1.000001,-1.000000,22-29
172,1720,0e8208,361701.000000,16,366.000000,0,361701.001200,366.000000,362067.001200,0.001200,366.001200,1.000003,-1.000000,30-45
173,1730,0e8208,363635.000000,8,55.000000,0,363635.001200,55.000000,363690.001200,0.001200,55.001200,1.000022,-1.000000,6-13
174,1740,0e8208,363703.000000,8,1279.000000,0,363703.001200,1279.000000,364982.001200,0.001200,1279.001200,1.000001,-1.000000,6-13
175,1750,0e8208,363929.000000,2,151.000000,0,363929.001200,151.000000,364080.001200,0.001200,151.001200,1.000008,-1.000000,14-15
176,1760,0e8208,364630.000000,8,48479.000000,0,364630.001200,48479.000000,413109.001200,0.001200,48479.001200,1.000000,-1.000000,14-21
177,1770,0e8208,365373.000000,8,6819.000000,0,365373.001200,6819.000000,372192.001200,0.001200,6819.001200,1.000000,-1.000000,6-13
178,1780,0e8208,366352.000000,1,236.000000,0,366352.001200,236.000000,366588.001200,0.001200,236.001200,1.000005,-1.000000,22
179,1790,0e8208,368592.000000,2,34.000000,0,368592.001200,34.000000,368626.001200,0.001200,34.001200,1.000035,-1.000000,4 22
180,1800,0e8208,370596.000000,28,40052.000000,0,370596.001200,40052.000000,410648.001200,0.001200,40052.001200,1.000000,-1.000000,4 22-48
181,1810,0e8208,371021.000000,28,188.000000,0,371021.001200,188.000000,371209.001200,0.001200,188.001200,1.000006,-1.000000,49-61 63-77
182,1820,0e8208,371028.000000,28,15805.000000,0,371028.001200,15805.000000,386833.001200,0.001200,15805.001200,1.000000,-1.000000,78-105
183,1830,0e8208,376806.000000,1,27.000000,0,376806.001200,27.000000,376833.001200,0.001200,27.001200,1.000044,-1.000000,6
184,1840,0e8208,377416.000000,1,26.000000,0,377416.001200,26.000000,377442.001200,0.001200,26.001200,1.000046,-1.000000,6
185,1850,0e8208,377839.000000,1,23.000000,0,377839.001200,23.000000,377862.001200,0.001200,23.001200,1.000052,-1.000000,6
186,1860,0e8208,378127.000000,1,26.000000,0,378127.001200,26.000000,378153.001200,0.001200,26.001200,1.000046,-1.000000,6
187,1870,0e8208,378498.000000,1,26.000000,0,378498.001200,26.000000,378524.001200,0.001200,26.001200,1.000046,-1.000000,6
188,1880,0e8208,378627.000000,1,26.000000,0,378627.001200,26.000000,378653.001200,0.001200,26.001200,1.000046,-1.000000,6
189,1890,0e8208,378930.000000,1,24.000000,0,378930.001200,24.000000,378954.001200,0.001200,24.001200,1.000050,-1.000000,6
190,1900,0e8208,379496.000000,5,5347.000000,0,379496.001200,5347.000000,384843.001200,0.001200,5347.001200,1.000000,-1.000000,6-10
191,1910,0e8208,380904.000000,8,3407.000000,0,380904.001200,3407.000000,384311.001200,0.001200,3407.001200,1.000000,-1.000000,11-13 49-53
192,1920,0e8208,388069.000000,1,286.000000,0,388069.001200,286.000000,388355.001200,0.001200,286.001200,1.000004,-1.000000,6
193,1930,0e8208,389725.000000,24,13649.000000,0,389725.001200,13649.000000,403374.001200,0.001200,13649.001200,1.000000,-1.000000,6-13 49-64
194,1940,0e8208,389818.000000,16,2060.000000,0,389818.001200,2060.000000,391878.001200,0.001200,2060.001200,1.000001,-1.000000,65-80
195,1950,0e8208,390859.000000,1,46.000000,0,390859.001200,46.000000,390905.001200,0.001200,46.001200,1.000026,-1.000000,81
196,1960,0e8208,391145.000000,1,27071.000000,0,391145.001200,27071.000000,418216.001200,0.001200,27071.001200,1.000000,-1.000000,1
197,1970,0e8208,391177.000000,16,15063.000000,0,391177.001200,15063.000000,406240.001200,0.001200,15063.001200,1.000000,-1.000000,81-96
198,1980,0e8208,394573.000000,4,19830.000000,0,394573.001200,19830.000000,414403.001200,0.001200,19830.001200,1.000000,-1.000000,0 65-67
199,1990,0e8208,398813.000000,1,49.000000,0,398813.001200,49.000000,398862.001200,0.001200,49.001200,1.000024,-1.000000,68
200,2000,0e8208,399863.000000,1,48.000000,0,399863.001200,48.000000,399911.001200,0.001200,48.001200,1.000025,-1.000000,68
201,2010,0e8208,400231.000000,2,43.000000,0,400231.001200,43.000000,400274.001200,0.001200,43.001200,1.000028,-1.000000,68-69
202,2020,0e8208,400652.000000,1,48.000000,0,400652.001200,48.000000,400700.001200,0.001200,48.001200,1.000025,-1.000000,68
203,2030,0e8208,400836.000000,2,43.000000,0,400836.001200,43.000000,400879.001200,0.001200,43.001200,1.000028,-1.000000,68-69
204,2040,0e8208,400981.000000,1,47.000000,0,400981.001200,47.000000,401028.001200,0.001200,47.001200,1.000026,-1.000000,68
205,2050,0e8208,403767.000000,1,40.000000,0,403767.001200,40.000000,403807.001200,0.001200,40.001200,1.000030,-1.000000,6
206,2060,0e8208,405679.000000,16,10584.000000,0,405679.001200,10584.000000,416263.001200,0.001200,10584.001200,1.000000,-1.000000,6-13 49-56
207,2070,0e8208,414699.000000,16,15113.000000,0,414699.001200,15113.000000,429812.001200,0.001200,15113.001200,1.000000,-1.000000,0 2-5 14-24
208,2080,0e8208,426592.000000,8,7401.000000,0,426592.001200,7401.000000,433993.001200,0.001200,7401.001200,1.000000,-1.000000,1 6-12
209,2090,0e8208,429475.000000,32,53333.000000,0,429475.001200,53333.000000,482808.001200,0.001200,53333.001200,1.000000,-1.000000,13 25-55
210,2100,0e8208,429487.000000,32,48661.000000,0,429487.001200,48661.000000,478148.001200,0.001200,48661.001200,1.000000,-1.000000,56-87
211,2110,0e8208,429557.000000,1,49763.000000,0,429557.001200,49763.000000,479320.001200,0.001200,49763.001200,1.000000,-1.000000,88
212,2120,0e8208,429941.000000,1,48359.000000,0,429941.001200,48359.000000,478300.001200,0.001200,48359.001200,1.000000,-1.000000,0
213,2130,0e8208,432637.000000,1,53137.000000,0,432637.001200,53137.000000,485774.001200,0.001200,53137.001200,1.000000,-1.000000,2
214,2140,0e8208,432873.000000,1,53158.000000,0,432873.001200,53158.000000,486031.001200,0.001200,53158.001200,1.000000,-1.000000,3
215,2150,0e8208,434123.000000,8,10070.000000,0,434123.001200,10070.000000,444193.001200,0.001200,10070.001200,1.000000,-1.000000,1 4-10
216,2160,0e8208,434714.000000,3,791.000000,0,434714.001200,791.000000,435505.001200,0.001200,791.001200,1.000002,-1.000000,11-12 14
217,2170,0e8208,437124.000000,32,47676.000000,0,437124.001200,47676.000000,484800.001200,0.001200,47676.001200,1.000000,-1.000000,11-12 14-24 89-107
218,2180,0e8208,439715.000000,16,261.000000,0,439715.001200,261.000000,439976.001200,0.001200,261.001200,1.000005,-1.000000,108-123
219,2190,0e8208,439888.000000,32,35908.000000,0,439976.003400,35908.000000,475884.003400,88.003400,35996.003400,1.002451,-1.000000,108-139
220,2200,0e8208,440424.000000,28,188.000000,0,475884.005600,188.000000,476072.005600,35460.005600,35648.005600,189.617051,-1.000000,1 4-10 108-127
221,2210,0e8208,443044.000000,1,59191.000000,0,475884.006200,59191.000000,535075.006200,32840.006200,92031.006200,1.554814,-1.000000,128
222,2220,0e8208,443102.000000,1,59318.000000,0,475884.006800,59318.000000,535202.006800,32782.006800,92100.006800,1.552649,-1.000000,129
223,2230,0e8208,443170.000000,1,59096.000000,0,475884.007400,59096.000000,534980.007400,32714.007400,91810.007400,1.553574,-1.000000,130
224,2240,0e8208,443229.000000,1,20706.000000,0,443229.001200,20706.000000,463935.001200,0.001200,20706.001200,1.000000,-1.000000,140
225,2250,0e8208,443262.000000,8,7099.000000,0,443262.001200,7099.000000,450361.001200,0.001200,7099.001200,1.000000,-1.000000,141-148
226,2260,0e8208,444276.000000,1,54.000000,0,444276.001200,54.000000,444330.001200,0.001200,54.001200,1.000022,-1.000000,1
227,2270,0e8208,444284.000000,2,46.000000,0,444284.001200,46.000000,444330.001200,0.001200,46.001200,1.000026,-1.000000,4-5
228,2280,0e8208,444287.000000,4,46.000000,0,444287.001200,46.000000,444333.001200,0.001200,46.001200,1.000026,-1.000000,6-9
229,2290,0e8208,444296.000000,8,43.000000,0,444333.003400,43.000000,444376.003400,37.003400,80.003400,1.860544,-1.000000,1 4-10
230,2300,0e8208,444304.000000,16,47.000000,0,465173.005600,47.000000,465220.005600,20869.005600,20916.005600,445.021396,-1.000000,1 4-10 140-147
231,2310,0e8208,444307.000000,32,59.000000,0,476072.007800,59.000000,476131.007800,31765.007800,31824.007800,539.389963,-1.000000,1 4-10 108-127 131-134
232,2320,0e8208,444407.000000,8,37.000000,0,444407.001200,37.000000,444444.001200,0.001200,37.001200,1.000032,-1.000000,1 4-10
233,2330,0e8208,444417.000000,8,8130.000000,0,444444.003400,8130.000000,452574.003400,27.003400,8157.003400,1.003321,-1.000000,1 4-10
234,2340,0e8208,444899.000000,4,35.000000,0,450361.003400,35.000000,450396.003400,5462.003400,5497.003400,157.057240,-1.000000,141-144
235,2350,0e8208,451522.000000,7,10504.000000,0,451522.001200,10504.000000,462026.001200,0.001200,10504.001200,1.000000,-1.000000,141-147
236,2360,0e8208,451574.000000,4,305.000000,0,452574.005600,305.000000,452879.005600,1000.005600,1305.005600,4.278707,-1.000000,1 4-6
237,2370,0e8208,452500.000000,1,25.000000,0,452500.001200,25.000000,452525.001200,0.001200,25.001200,1.000048,-1.000000,148
238,2380,0e8208,453794.000000,28,187.000000,0,476131.010000,187.000000,476318.010000,22337.010000,22524.010000,120.449251,-1.000000,1 4-10 108-127
239,2390,0e8208,453799.000000,28,191.000000,0,476318.012200,191.000000,476509.012200,22519.012200,22710.012200,118.900587,-1.000000,1 4-10 108-127
240,2400,0e8208,453802.000000,28,187.000000,0,476509.014400,187.000000,476696.014400,22707.014400,22894.014400,122.427884,-1.000000,1 4-10 108-127
241,2410,0e8208,453806.000000,28,189.000000,0,476696.016600,189.000000,476885.016600,22890.016600,23079.016600,122.111199,-1.000000,1 4-10 108-127
242,2420,0e8208,454628.000000,8,3430.000000,0,454628.001200,3430.000000,458058.001200,0.001200,3430.001200,1.000000,-1.000000,1 4-10
243,2430,0e8208,456692.000000,8,33491.000000,0,476696.017200,33491.000000,510187.017200,20004.017200,53495.017200,1.597295,-1.000000,131-138
244,2440,0e8208,457045.000000,8,7115.000000,0,458058.003400,7115.000000,465173.003400,1013.003400,8128.003400,1.142376,-1.000000,1 4-10
245,2450,0e8208,460874.000000,2,34.000000,0,460874.001200,34.000000,460908.001200,0.001200,34.001200,1.000035,-1.000000,148-149
246,2460,0e8208,460968.000000,4,37.000000,0,462026.003400,37.000000,462063.003400,1058.003400,1095.003400,29.594686,-1.000000,141-144
247,2470,0e8208,460970.000000,4,34.000000,0,462026.004000,34.000000,462060.004000,1056.004000,1090.004000,32.058941,-1.000000,145-148
248,2480,0e8208,460971.000000,4,35.000000,0,462060.006200,35.000000,462095.006200,1089.006200,1124.006200,32.114463,-1.000000,145-148
249,2490,0e8208,460972.000000,4,36.000000,0,462063.005600,36.000000,462099.005600,1091.005600,1127.005600,31.305711,-1.000000,141-144
250,2500,0e8208,460973.000000,4,36.000000,0,462095.008400,36.000000,462131.008400,1122.008400,1158.008400,32.166900,-1.000000,145-148
251,2510,0e8208,460975.000000,6,40.000000,0,462099.007800,40.000000,462139.007800,1124.007800,1164.007800,29.100195,-1.000000,141-144 149-150
252,2520,0e8208,460976.000000,6,37.000000,0,462139.010000,37.000000,462176.010000,1163.010000,1200.010000,32.432703,-1.000000,141-144 149-150
253,2530,0e8208,460977.000000,6,36.000000,0,462176.012200,36.000000,462212.012200,1199.012200,1235.012200,34.305894,-1.000000,141-144 149-150
254,2540,0e8208,460978.000000,6,35.000000,0,462212.014400,35.000000,462247.014400,1234.014400,1269.014400,36.257554,-1.000000,141-144 149-150
255,2550,0e8208,460980.000000,6,36.000000,0,462247.016600,36.000000,462283.016600,1267.016600,1303.016600,36.194906,-1.000000,141-144 149-150
256,2560,0e8208,460981.000000,8,37.000000,0,462353.023200,37.000000,462390.023200,1372.023200,1409.023200,38.081708,-1.000000,141-148
257,2570,0e8208,460983.000000,8,40.000000,0,462390.025400,40.000000,462430.025400,1407.025400,1447.025400,36.175635,-1.000000,141-148
258,2580,0e8208,460984.000000,8,36.000000,0,462430.027600,36.000000,462466.027600,1446.027600,1482.027600,41.167433,-1.000000,141-148
259,2590,0e8208,460985.000000,8,40.000000,0,462466.029800,40.000000,462506.029800,1481.029800,1521.029800,38.025745,-1.000000,141-148
260,2600,0e8208,460986.000000,8,38.000000,0,462506.032000,38.000000,462544.032000,1520.032000,1558.032000,41.000842,-1.000000,141-148
261,2610,0e8208,460987.000000,10,40.000000,0,462544.034200,40.000000,462584.034200,1557.034200,1597.034200,39.925855,-1.000000,141-150
262,2620,0e8208,460989.000000,10,38.000000,0,462584.036400,38.000000,462622.036400,1595.036400,1633.036400,42.974642,-1.000000,141-150
263,2630,0e8208,460990.000000,10,39.000000,0,462622.038600,39.000000,462661.038600,1632.038600,1671.038600,42.847144,-1.000000,141-150
264,2640,0e8208,460991.000000,10,41.000000,0,462661.040800,41.000000,462702.040800,1670.040800,1711.040800,41.732702,-1.000000,141-150
265,2650,0e8208,460993.000000,10,38.000000,0,462702.043000,38.000000,462740.043000,1709.043000,1747.043000,45.974816,-1.000000,141-150
266,2660,0e8208,461026.000000,2,33.000000,0,461026.001200,33.000000,461059.001200,0.001200,33.001200,1.000036,-1.000000,148-149
267,2670,0e8208,461028.000000,2,33.000000,0,461059.003400,33.000000,461092.003400,31.003400,64.003400,1.939497,-1.000000,148-149
268,2680,0e8208,461029.000000,2,36.000000,0,461092.005600,36.000000,461128.005600,63.005600,99.005600,2.750156,-1.000000,148-149
269,2690,0e8208,461031.000000,2,35.000000,0,461128.007800,35.000000,461163.007800,97.007800,132.007800,3.771651,-1.000000,148-149
270,2700,0e8208,461033.000000,2,34.000000,0,461163.010000,34.000000,461197.010000,130.010000,164.010000,4.823824,-1.000000,148-149
271,2710,0e8208,461034.000000,4,36.000000,0,462131.010600,36.000000,462167.010600,1097.010600,1133.010600,31.472517,-1.000000,145-148
272,2720,0e8208,461036.000000,4,37.000000,0,462167.012800,37.000000,462204.012800,1131.012800,1168.012800,31.567914,-1.000000,145-148
273,2730,0e8208,461038.000000,4,41.000000,0,462204.015000,41.000000,462245.015000,1166.015000,1207.015000,29.439390,-1.000000,145-148
274,2740,0e8208,461040.000000,4,36.000000,0,462245.017200,36.000000,462281.017200,1205.017200,1241.017200,34.472700,-1.000000,145-148
275,2750,0e8208,461041.000000,4,38.000000,0,462281.019400,38.000000,462319.019400,1240.019400,1278.019400,33.632089,-1.000000,145-148
276,2760,0e8208,461043.000000,6,35.000000,0,462283.018800,35.000000,462318.018800,1240.018800,1275.018800,36.429109,-1.000000,141-144 149-150
277,2770,0e8208,461045.000000,6,35.000000,0,462318.021000,35.000000,462353.021000,1273.021000,1308.021000,37.372029,-1.000000,141-144 149-150
278,2780,0e8208,461046.000000,6,38.000000,0,462740.045200,38.000000,462778.045200,1694.045200,1732.045200,45.580137,-1.000000,141-146
279,2790,0e8208,461048.000000,6,35.000000,0,462778.047400,35.000000,462813.047400,1730.047400,1765.047400,50.429926,-1.000000,141-146
280,2800,0e8208,461050.000000,6,35.000000,0,462813.049600,35.000000,462848.049600,1763.049600,1798.049600,51.372846,-1.000000,141-146
281,2810,0e8208,461051.000000,8,37.000000,0,462848.051800,37.000000,462885.051800,1797.051800,1834.051800,49.568968,-1.000000,141-148
282,2820,0e8208,461053.000000,8,37.000000,0,462885.054000,37.000000,462922.054000,1832.054000,1869.054000,50.514973,-1.000000,141-148
283,2830,0e8208,461055.000000,8,39.000000,0,462922.056200,39.000000,462961.056200,1867.056200,1906.056200,48.873236,-1.000000,141-148
284,2840,0e8208,461057.000000,8,37.000000,0,462961.058400,37.000000,462998.058400,1904.058400,1941.058400,52.461038,-1.000000,141-148
285,2850,0e8208,461058.000000,8,39.000000,0,462998.060600,39.000000,463037.060600,1940.060600,1979.060600,50.745144,-1.000000,141-148
286,2860,0e8208,461060.000000,10,39.000000,0,463037.062800,39.000000,463076.062800,1977.062800,2016.062800,51.693918,-1.000000,141-150
287,2870,0e8208,461062.000000,10,40.000000,0,463076.065000,40.000000,463116.065000,2014.065000,2054.065000,51.351625,-1.000000,141-150
288,2880,0e8208,461063.000000,10,37.000000,0,463116.067200,37.000000,463153.067200,2053.067200,2090.067200,56.488303,-1.000000,141-150
289,2890,0e8208,461065.000000,10,38.000000,0,463153.069400,38.000000,463191.069400,2088.069400,2126.069400,55.949195,-1.000000,141-150
290,2900,0e8208,461066.000000,10,37.000000,0,463191.071600,37.000000,463228.071600,2125.071600,2162.071600,58.434368,-1.000000,141-150
291,2910,0e8208,461994.000000,7,13103.000000,0,476696.017800,13103.000000,489799.017800,14702.017800,27805.017800,2.122034,-1.000000,139-145
292,2920,0e8208,464638.000000,16,175.000000,0,465220.007800,175.000000,465395.007800,582.007800,757.007800,4.325759,-1.000000,1 4-10 140-147
293,2930,0e8208,477024.000000,1,40.000000,0,477024.001200,40.000000,477064.001200,0.001200,40.001200,1.000030,-1.000000,1
294,2940,0e8208,477250.000000,1,40.000000,0,477250.001200,40.000000,477290.001200,0.001200,40.001200,1.000030,-1.000000,1
295,2950,0e8208,477381.000000,1,51.000000,0,477381.001200,51.000000,477432.001200,0.001200,51.001200,1.000024,-1.000000,1
296,2960,0e8208,478028.000000,1,52.000000,0,478028.001200,52.000000,478080.001200,0.001200,52.001200,1.000023,-1.000000,1
297,2970,0e8208,478487.000000,2,48.000000,0,478487.001200,48.000000,478535.001200,0.001200,48.001200,1.000025,-1.000000,0-1
298,2980,0e8208,478491.000000,4,53.000000,0,478491.001200,53.000000,478544.001200,0.001200,53.001200,1.000023,-1.000000,4-7
299,2990,0e8208,478495.000000,8,44.000000,0,478495.001200,44.000000,478539.001200,0.001200,44.001200,1.000027,-1.000000,8-10 56-60
300,3000,0e8208,478499.000000,16,48.000000,0,478499.001200,48.000000,478547.001200,0.001200,48.001200,1.000025,-1.000000,61-76
301,3010,0e8208,478502.000000,32,63.000000,0,478502.001200,63.000000,478565.001200,0.001200,63.001200,1.000019,-1.000000,77-87 108-127 146
302,3020,0e8208,478507.000000,64,84.000000,0,478565.003400,84.000000,478649.003400,58.003400,142.003400,1.690517,-1.000000,0-1 4-10 56-87 108-127 146-148
303,3030,0e8208,488989.000000,32,60481.000000,0,488989.001200,60481.000000,549470.001200,0.001200,60481.001200,1.000000,-1.000000,0-31
304,3040,0e8208,500439.000000,16,10117.000000,0,500439.001200,10117.000000,510556.001200,0.001200,10117.001200,1.000000,-1.000000,32-47
305,3050,0e8208,514617.000000,6,14760.000000,0,514617.001200,14760.000000,529377.001200,0.001200,14760.001200,1.000000,-1.000000,32-37
306,3060,0e8208,515783.000000,16,15319.000000,0,515783.001200,15319.000000,531102.001200,0.001200,15319.001200,1.000000,-1.000000,38-53
307,3070,0e8208,515915.000000,4,106.000000,0,515915.001200,106.000000,516021.001200,0.001200,106.001200,1.000011,-1.000000,54-57
308,3080,0e8208,516235.000000,2,51287.000000,0,516235.001200,51287.000000,567522.001200,0.001200,51287.001200,1.000000,-1.000000,54-55
309,3090,0e8208,519314.000000,8,33020.000000,0,519314.001200,33020.000000,552334.001200,0.001200,33020.001200,1.000000,-1.000000,56-63
310,3100,0e8208,519341.000000,4,38.000000,0,519341.001200,38.000000,519379.001200,0.001200,38.001200,1.000032,-1.000000,64-67
311,3110,0e8208,520183.000000,2,38.000000,0,520183.001200,38.000000,520221.001200,0.001200,38.001200,1.000032,-1.000000,64-65
312,3120,0e8208,522380.000000,8,92.000000,0,522380.001200,92.000000,522472.001200,0.001200,92.001200,1.000013,-1.000000,64-71
313,3130,0e8208,523440.000000,8,44995.000000,0,523440.001200,44995.000000,568435.001200,0.001200,44995.001200,1.000000,-1.000000,64-71
314,3140,0e8208,525925.000000,28,10798.000000,0,525925.001200,10798.000000,536723.001200,0.001200,10798.001200,1.000000,-1.000000,72-99
315,3150,0e8208,525935.000000,28,12337.000000,0,525935.001200,12337.000000,538272.001200,0.001200,12337.001200,1.000000,-1.000000,100-127
316,3160,0e8208,525938.000000,28,11117.000000,0,531102.003400,11117.000000,542219.003400,5164.003400,16281.003400,1.464514,-1.000000,32-53 131-136
317,3170,0e8208,525940.000000,28,11845.000000,0,536723.003400,11845.000000,548568.003400,10783.003400,22628.003400,1.910342,-1.000000,72-99
318,3180,0e8208,526150.000000,28,15861.000000,0,538272.003400,15861.000000,554133.003400,12122.003400,27983.003400,1.764265,-1.000000,100-127
319,3190,0e8208,528178.000000,8,7126.000000,0,538272.004000,7126.000000,545398.004000,10094.004000,17220.004000,2.416504,-1.000000,128-130 137-141
320,3200,0e8208,528341.000000,16,10164.000000,0,542219.005600,10164.000000,552383.005600,13878.005600,24042.005600,2.365408,-1.000000,32-47
321,3210,0e8208,528869.000000,16,79.000000,0,528869.001200,79.000000,528948.001200,0.001200,79.001200,1.000015,-1.000000,131-146
322,3220,0e8208,529609.000000,8,3034.000000,0,531102.004000,3034.000000,534136.004000,1493.004000,4527.004000,1.492091,-1.000000,137-144
323,3230,0e8208,530379.000000,1,58712.000000,0,542219.006200,58712.000000,600931.006200,11840.006200,70552.006200,1.201662,-1.000000,48
324,3240,0e8208,530489.000000,1,59088.000000,0,542219.006800,59088.000000,601307.006800,11730.006800,70818.006800,1.198518,-1.000000,49
325,3250,0e8208,530559.000000,1,58674.000000,0,542219.007400,58674.000000,600893.007400,11660.007400,70334.007400,1.198725,-1.000000,50
326,3260,0e8208,530627.000000,2,34.000000,0,530627.001200,34.000000,530661.001200,0.001200,34.001200,1.000035,-1.000000,32-33
327,3270,0e8208,533427.000000,28,48346.000000,0,548568.005600,48346.000000,596914.005600,15141.005600,63487.005600,1.313180,-1.000000,51-53 72-96
328,3280,0e8208,533656.000000,28,16317.000000,0,549470.003400,16317.000000,565787.003400,15814.003400,32131.003400,1.969173,-1.000000,0-27
329,3290,0e8208,537670.000000,1,286.000000,0,537670.001200,286.000000,537956.001200,0.001200,286.001200,1.000004,-1.000000,128
330,3300,0e8208,538144.000000,1,276.000000,0,538272.004600,276.000000,538548.004600,128.004600,404.004600,1.463785,-1.000000,142
331,3310,0e8208,538885.000000,1,59169.000000,0,549470.004000,59169.000000,608639.004000,10585.004000,69754.004000,1.178894,-1.000000,28
332,3320,0e8208,540175.000000,2,33.000000,0,540175.001200,33.000000,540208.001200,0.001200,33.001200,1.000036,-1.000000,142-143
333,3330,0e8208,540176.000000,2,32.000000,0,540176.001200,32.000000,540208.001200,0.001200,32.001200,1.000038,-1.000000,144-145
334,3340,0e8208,540177.000000,2,32.000000,0,540177.001200,32.000000,540209.001200,0.001200,32.001200,1.000038,-1.000000,146-147
335,3350,0e8208,540179.000000,2,33.000000,0,540179.001200,33.000000,540212.001200,0.001200,33.001200,1.000036,-1.000000,148-149
336,3360,0e8208,540180.000000,2,32.000000,0,540208.005000,32.000000,540240.005000,28.005000,60.005000,1.875156,-1.000000,142-143
337,3370,0e8208,540372.000000,4,34.000000,0,540372.001200,34.000000,540406.001200,0.001200,34.001200,1.000035,-1.000000,142-145
338,3380,0e8208,540373.000000,4,35.000000,0,540373.001200,35.000000,540408.001200,0.001200,35.001200,1.000034,-1.000000,146-149
339,3390,0e8208,540374.000000,4,36.000000,0,540406.003400,36.000000,540442.003400,32.003400,68.003400,1.888983,-1.000000,142-145
340,3400,0e8208,540375.000000,4,34.000000,0,540408.003400,34.000000,540442.003400,33.003400,67.003400,1.970688,-1.000000,146-149
341,3410,0e8208,540377.000000,4,36.000000,0,540442.007200,36.000000,540478.007200,65.007200,101.007200,2.805756,-1.000000,142-145
342,3420,0e8208,540378.000000,6,38.000000,0,540478.009400,38.000000,540516.009400,100.009400,138.009400,3.631826,-1.000000,142-147
343,3430,0e8208,540379.000000,6,38.000000,0,540516.011600,38.000000,540554.011600,137.011600,175.011600,4.605568,-1.000000,142-147
344,3440,0e8208,540380.000000,6,34.000000,0,540554.013800,34.000000,540588.013800,174.013800,208.013800,6.118053,-1.000000,142-147
345,3450,0e8208,540382.000000,6,36.000000,0,540588.016000,36.000000,540624.016000,206.016000,242.016000,6.722667,-1.000000,142-147
346,3460,0e8208,540384.000000,6,40.000000,0,540624.018200,40.000000,540664.018200,240.018200,280.018200,7.000455,-1.000000,142-147
347,3470,0e8208,540385.000000,8,35.000000,0,540664.020400,35.000000,540699.020400,279.020400,314.020400,8.972011,-1.000000,142-149
348,3480,0e8208,540386.000000,8,35.000000,0,540699.022600,35.000000,540734.022600,313.022600,348.022600,9.943503,-1.000000,142-149
349,3490,0e8208,540387.000000,8,36.000000,0,540734.024800,36.000000,540770.024800,347.024800,383.024800,10.639578,-1.000000,142-149
350,3500,0e8208,540389.000000,8,40.000000,0,540770.027000,40.000000,540810.027000,381.027000,421.027000,10.525675,-1.000000,142-149
351,3510,0e8208,540390.000000,8,37.000000,0,540810.029200,37.000000,540847.029200,420.029200,457.029200,12.352141,-1.000000,142-149
352,3520,0e8208,540391.000000,10,36.000000,0,542219.008000,36.000000,542255.008000,1828.008000,1864.008000,51.778000,-1.000000,51-53 131-136 142
353,3530,0e8208,540392.000000,10,40.000000,0,542255.010200,40.000000,542295.010200,1863.010200,1903.010200,47.575255,-1.000000,51-53 131-136 142
354,3540,0e8208,540394.000000,10,40.000000,0,542295.012400,40.000000,542335.012400,1901.012400,1941.012400,48.525310,-1.000000,51-53 131-136 142
355,3550,0e8208,540395.000000,10,39.000000,0,542335.014600,39.000000,542374.014600,1940.014600,1979.014600,50.743964,-1.000000,51-53 131-136 142
356,3560,0e8208,540396.000000,10,38.000000,0,542374.016800,38.000000,542412.016800,1978.016800,2016.016800,53.053074,-1.000000,51-53 131-136 142
357,3570,0e8208,540397.000000,16,39.000000,0,542412.019000,39.000000,542451.019000,2015.019000,2054.019000,52.667154,-1.000000,51-53 131-136 142-148
358,3580,0e8208,540399.000000,16,39.000000,0,542451.021200,39.000000,542490.021200,2052.021200,2091.021200,53.615928,-1.000000,51-53 131-136 142-148
359,3590,0e8208,540400.000000,16,39.000000,0,542490.023400,39.000000,542529.023400,2090.023400,2129.023400,54.590344,-1.000000,51-53 131-136 142-148
360,3600,0e8208,540401.000000,16,39.000000,0,542529.025600,39.000000,542568.025600,2128.025600,2167.025600,55.564759,-1.000000,51-53 131-136 142-148
361,3610,0e8208,540403.000000,16,42.000000,0,542568.027800,42.000000,542610.027800,2165.027800,2207.027800,52.548281,-1.000000,51-53 131-136 142-148
362,3620,0e8208,540404.000000,24,44.000000,0,545398.006200,44.000000,545442.006200,4994.006200,5038.006200,114.500141,-1.000000,51-53 128-148
363,3630,0e8208,540406.000000,24,43.000000,0,545442.008400,43.000000,545485.008400,5036.008400,5079.008400,118.116474,-1.000000,51-53 128-148
364,3640,0e8208,540407.000000,24,43.000000,0,545485.010600,43.000000,545528.010600,5078.010600,5121.010600,119.093270,-1.000000,51-53 128-148
365,3650,0e8208,540408.000000,24,44.000000,0,545528.012800,44.000000,545572.012800,5120.012800,5164.012800,117.363927,-1.000000,51-53 128-148
366,3660,0e8208,540409.000000,24,43.000000,0,545572.015000,43.000000,545615.015000,5163.015000,5206.015000,121.070116,-1.000000,51-53 128-148
367,3670,0e8208,540411.000000,32,53.000000,0,552334.003400,53.000000,552387.003400,11923.003400,11976.003400,225.962328,-1.000000,29-31 56-63 97-99 128-145
368,3680,0e8208,540412.000000,32,49.000000,0,552387.005600,49.000000,552436.005600,11975.005600,12024.005600,245.387869,-1.000000,29-47 56-63 97-99 128-129
369,3690,0e8208,540413.000000,32,51.000000,0,552436.007800,51.000000,552487.007800,12023.007800,12074.007800,236.745251,-1.000000,29-47 56-63 97-99 128-129
370,3700,0e8208,540414.000000,32,49.000000,0,552487.010000,49.000000,552536.010000,12073.010000,12122.010000,247.387959,-1.000000,29-47 56-63 97-99 128-129
371,3710,0e8208,540416.000000,32,50.000000,0,552536.012200,50.000000,552586.012200,12120.012200,12170.012200,243.400244,-1.000000,29-47 56-63 97-99 128-129
372,3720,0e8208,544412.000000,1,510.000000,0,544412.001200,510.000000,544922.001200,0.001200,510.001200,1.000002,-1.000000,51
373,3730,0e8208,544492.000000,1,417.000000,0,544492.001200,417.000000,544909.001200,0.001200,417.001200,1.000003,-1.000000,52
374,3740,0e8208,544550.000000,1,319.000000,0,544550.001200,319.000000,544869.001200,0.001200,319.001200,1.000004,-1.000000,53
375,3750,0e8208,544665.000000,1,276.000000,0,544665.001200,276.000000,544941.001200,0.001200,276.001200,1.000004,-1.000000,131
376,3760,0e8208,544722.000000,1,47.000000,0,544722.001200,47.000000,544769.001200,0.001200,47.001200,1.000026,-1.000000,132
377,3770,0e8208,544765.000000,1,180.000000,0,544765.001200,180.000000,544945.001200,0.001200,180.001200,1.000007,-1.000000,133
378,3780,0e8208,546139.000000,8,77.000000,0,546139.001200,77.000000,546216.001200,0.001200,77.001200,1.000016,-1.000000,51-53 128-132
379,3790,0e8208,546170.000000,8,105.000000,0,546170.001200,105.000000,546275.001200,0.001200,105.001200,1.000011,-1.000000,133-140
380,3800,0e8208,546207.000000,8,158.000000,0,546207.001200,158.000000,546365.001200,0.001200,158.001200,1.000008,-1.000000,141-148
381,3810,0e8208,546237.000000,8,165.000000,0,546237.001200,165.000000,546402.001200,0.001200,165.001200,1.000007,-1.000000,51-53 128-132
382,3820,0e8208,546252.000000,8,475.000000,0,546275.003400,475.000000,546750.003400,23.003400,498.003400,1.048428,-1.000000,133-140
383,3830,0e8208,546273.000000,8,1479.000000,0,546365.003400,1479.000000,547844.003400,92.003400,1571.003400,1.062206,-1.000000,141-148
384,3840,0e8208,547026.000000,8,38.000000,0,547026.001200,38.000000,547064.001200,0.001200,38.001200,1.000032,-1.000000,51-53 128-132
385,3850,0e8208,547048.000000,8,41.000000,0,547048.001200,41.000000,547089.001200,0.001200,41.001200,1.000029,-1.000000,133-140
386,3860,0e8208,547070.000000,8,449.000000,0,547070.001200,449.000000,547519.001200,0.001200,449.001200,1.000003,-1.000000,51-53 128-132
387,3870,0e8208,547090.000000,8,496.000000,0,547090.001200,496.000000,547586.001200,0.001200,496.001200,1.000002,-1.000000,133-140
388,3880,0e8208,547110.000000,8,596.000000,0,547519.003400,596.000000,548115.003400,409.003400,1005.003400,1.686247,-1.000000,51-53 128-132
389,3890,0e8208,547127.000000,8,697.000000,0,547586.003400,697.000000,548283.003400,459.003400,1156.003400,1.658541,-1.000000,133-140
390,3900,0e8208,547797.000000,8,461.000000,0,547844.005600,461.000000,548305.005600,47.005600,508.005600,1.101964,-1.000000,141-148
391,3910,0e8208,547812.000000,8,39.000000,0,548115.005600,39.000000,548154.005600,303.005600,342.005600,8.769374,-1.000000,51-53 128-132
392,3920,0e8208,547829.000000,8,564.000000,0,548568.006200,564.000000,549132.006200,739.006200,1303.006200,2.310295,-1.000000,97-99 128-132
393,3930,0e8208,547843.000000,8,614.000000,0,548568.006800,614.000000,549182.006800,725.006800,1339.006800,2.180793,-1.000000,133-140
394,3940,0e8208,547864.000000,8,63.000000,0,548154.007800,63.000000,548217.007800,290.007800,353.007800,5.603298,-1.000000,51-53 128-132
395,3950,0e8208,547935.000000,8,69.000000,0,548217.010000,69.000000,548286.010000,282.010000,351.010000,5.087101,-1.000000,51-53 128-132
396,3960,0e8208,552159.000000,32,166.000000,0,552586.014400,166.000000,552752.014400,427.014400,593.014400,3.572376,-1.000000,29-47 56-63 97-99 128-129
397,3970,0e8208,560658.000000,8,447.000000,0,560658.001200,447.000000,561105.001200,0.001200,447.001200,1.000003,-1.000000,29-36
398,3980,0e8208,560992.000000,8,496.000000,0,560992.001200,496.000000,561488.001200,0.001200,496.001200,1.000002,-1.000000,37-44
399,3990,0e8208,563345.000000,1,49918.000000,0,563345.001200,49918.000000,613263.001200,0.001200,49918.001200,1.000000,-1.000000,29
400,4000,0e8208,564488.000000,1,49028.000000,0,564488.001200,49028.000000,613516.001200,0.001200,49028.001200,1.000000,-1.000000,30
401,4010,0e8208,565609.000000,32,47760.000000,0,565609.001200,47760.000000,613369.001200,0.001200,47760.001200,1.000000,-1.000000,31-47 56-63 97-103
402,4020,0e8208,599359.000000,10,12238.000000,0,599359.001200,12238.000000,611597.001200,0.001200,12238.001200,1.000000,-1.000000,0-9
403,4030,0e8208,602838.000000,32,5446.000000,0,602838.001800,5446.000000,608284.001800,0.001800,5446.001800,1.000000,-1.000000,10-27 48-55 64-69
